Title,CSS,Image Title,Release,Dev URL,Developer Name,Translator Flag (Y/N): N -> Publisher,PublisherURL,TranslatorURL,Publisher,Translator,Genres,Flags,LengthHLTB,LengthVNDB,Adaptations,Prequel,Sequel,Reddit,VNDB,"Age (0, 15, 17, 18)",Patch,Review 1 Text,Review 1 URL,Review 1 Name,Review 2 Text,Review 2 URL,Review 2 Name,Review 3 Text,Review 3 URL,Review 3 Name,"About (separate new lines by `, NO SPACES AFTER `)",Platforms,Resolution,English Patch,Animated,Voiced,RNovel 1 Name,RNovel 1 URL,RNovel 2 Name,RNovel 2 URL,RNovel 3 Name,RNovel 3 URL,Stores (lowercase)
Kara no Shoujo,KaraNoShoujo,karanoshoujo,"October 22, 2018",http://www.gungnir.co.jp/innocentgrey/,Innocent Grey,N,http://www.mangagamer.com/,,MangaGamer,,"Mystery, Thriller, Drama","gb, jp, cn, ru, vn, es",22,,"https://myanimelist.net/anime/7265/Kara_no_Shoujo, Kara no Shoujo",None,"https://vndb.org/v5922, Kara no Shoujo: The Second Episode",,https://vndb.org/v810,18,N,"""... Now that it's done - even with all the gore and emotional turmoil I went through - all I can think  about is getting my hands on the sequel. I have to know what happens next.""",https://kotaku.com/kara-no-shojo-the-kotaku-review-1486926848,Kotaku,"""Kara no Shojo is a great murder mystery, with a lot of interaction. Its era and setting are perfect for the dread and isolation of the story.""",https://www.ricedigital.co.uk/kara-no-shojo-review/,Rice Digital,"""I don't know how much a recommendation means from a guy who hasn't read too many VNs compared to others, but I still had a blast reading through KnS.""",https://gareblogs.wordpress.com/2013/04/27/review-kara-no-shoujo-the-visual-novel/,gareblogs,"March, 1956. Tokyo; a metropolis finally starting to recover ten long years after Japan's defeat in the War. Private eye Tokisaka Reiji accepts a strange request from a girl in Inokashira Park.`""I want you to look for something. Me. My true self.""Meanwhile, a series of bizarre murders is plaguing the area, one where young women are disappearing, only to turn up dead and maimed with their wombs torn out. Seeking assistance on the case, Detective Uozumi Kyozo called up his old friend and former coworker, Reiji.`Ouba Girls Academy; a school on the outskirts of Hoya City. Reiji's little sister attends this school, where two young women have mysteriously vanished. Saeki Tokio, the vice principal, calls in Reiji to investigate their disappearance, giving him his third case.`Reiji infiltrates the academy as a substitute teacher to glean information from the students - but that's when he meets her once again.`Kuchiki Toko - his first clients, the girl who asked him to search for her true self. Her manner is distinctly boyish as she remarks:`""Heya - so we meet again, Mr. Detective.""`The body count continues to rise. What should be a simple search for some students is staring to grow out of control. For some reason, the number of missing people and unidentified bodies don't match up.`Who will be chosen as the next victim?`As the endless cycle of tragedy continues, what mysteries lie behind these new cases? Behind a similar series of murders from six years ago?`Perhaps one girl's smile might await beneath the shell of tragedy...",Windows,4:3,,None,Fully,subahibi,Subahibi.html,higurashi,Higurashi.html,umineko,Umineko.html,"https://www.mangagamer.com/detail.php?product_code=79, mangagamer, https://store.steampowered.com/app/965810/Kara_no_Shojo/, steam"
Maji de Watashi ni Koishinasai!,Majikoi,majikoi,"October 30, 2009",http://www.minatosoft.com/,Minato Soft,Y,,https://vndb.org/r36877,,Maji and Yandere Translations,"Comedy, Romance","gb, jp, cn, ru, vn, es",86,,"https://myanimelist.net/anime/10213/Maji_de_Watashi_ni_Koi_Shinasai, Maji de Watashi ni Koi Shinasai!",None,"https://vndb.org/v6245, Maji de Watashi ni Koishinasai! S",https://www.reddit.com/r/majikoi/,https://vndb.org/v1143,18,N,"""The Bottom Line here is that if you enjoy Majikoi's attempts at comedy and action then you will have fantastic fun with it that few other VN's will be able to compare to.""",https://thegeekclinic.wordpress.com/2015/11/29/visual-novel-review-majikoi-maji-de-watashi-ni-koishinasai/,The Geek Clinic,"""...If you are looking for a light-hearted, comedy with fun and quirky characters with some action on the side then I would highly recommend this game if the humour is to your taste.""",https://thevncompletionist.wordpress.com/2017/04/02/maji-de-watashi-ni-koishinasai-review/,The VN Completionist,"""A highly enjoyable eroge for those looking for comedy and over-the-top situations, as well as fabulous friendship.""",https://awesomecurry.wordpress.com/2013/03/04/eroge-review-maji-de-watashi-ni-koi-shinasai/,Awesome Curry,"Kawakami City is famous for its strong dedication to its samurai ancestors. A strong fighting spirit is always valued and it's even an important factor in succeeding in school there.`Yamato, a second year student from Kawakami Highchool is always with his close friends (4 boys and 3 girls). They have known each other since they were young and have done loads of things together. They have many other friends, but these seven people are a close-knit group, they even have a secret base where they meet...`With the new semester, they welcome two girls into their group and shortly after things start to change...",Windows,4:3,http://forums.fuwanovel.net/topic/6556-majikoi-translation-project/,None,Fully,tsujidou,Tsujidou.hmtl,osadai,Osadai.html,dracuriot,DracuRiot.html,"https://www.amazon.com/Majikoi-Samurai-Girls-Maji-Watashi-Shinasai/dp/B002R8LB74, amazon"
My Girlfriend is the President,Osadai,osadai,"January 10, 2012",http://www.alcot.biz/,Alcot,N,https://vndb.org/p1935,,JAST Densetsu,,"Comedy, Romance","gb, jp, cn, vn, es, ru",,10 - 30,,None,None,,https://vndb.org/v2622,18,N,"""Overall, while I would have loved to have seen the plot with all eroge references removed and more of a focus on the political comedy nature that it delivered, I think this is an enjoyable eroge visual novel that while not taking itself too seriously, didn't take itself too lightly either. Alcot did a great job at developing this title and credits go to the translators and the Jast USA team for translating and picking up this title in the first place.""",http://www.otakustudy.com/visual-novel/2012/01/my-girlfriend-is-the-president-review/,The Otaku's Study,"""All in all, it's still recommendable to play it and it's still enjoyable.""",https://renfareview.wordpress.com/2014/11/19/my-girlfriend-is-the-president-review/,Renfa Review,"""My Girlfriend is the President is definitely up there with my favorite romantic comedies in a long time just because of how self aware it is. The fourth wall is basically nonexistent and everything is lampshaded by the characters.""",https://tay.kinja.com/my-girlfriend-is-the-president-the-tay-review-1591819343,Talk Amongst Yourselves,"It started out as an ordinary morning, woken up by my childhood friend. Had a good breakfast... complete with morning hard-ons. An ordinary, everyday eroge scene. Or... so it seemed. Things would never be the same from that day, as peaceful everyday life was blown to bits.`An accident on a spaceship heading to earth, causes it to crash into the office of the Prime Minister of Japan. The ministers end up in a state too horrible to look at. To avoid chaos, the alien choses a girl who happened to be there, and to make ends meet, brainwashed all of mankind.`Nippon adopts a presidential system overnight, and incredibly, a girl, my childhood friend, is the president. The world will answer to her every whim.",Windows,4:3,,None,Fully,majikoi,Majikoi.html,hatofulboyfriend,HatofulBoyfriend.html,dracuriot,DracuRiot.html,"https://jastusa.com/my-girlfriend-is-the-president, jast"
Tsujidou-san no Jun'ai Road,Tsujidou,tsujidou,"October 17, 2014",http://minatocarnival.com/,Minato Carnival,Y,,https://tsurezurescans.wordpress.com/,,Tsurezure Scans,"Comedy, Action, Romance","gb, jp",,30 - 50,,None,None,,https://vndb.org/v9879,18,N,"""This game is pretty awesome for me, as expected of Minato Soft, slapstick comedy, and epic H scenes everywhere.""",https://revolutionarysilver.wordpress.com/2013/05/01/gin-tsujidou-san-no-junai-road-review/,Gin-patsu Kakumei!,"""Tsujidou-san no Junai Road is an excellent eroge that is well worthy of sharing the same universe as its older cousin series, Majikoi.""",http://gamesforadultsandeveryone.blogspot.com/2014/03/import-games-for-adults-tsujidou-san-no.html,Games for Adults and Everyone,"""Overall: 80/100""",https://amaenboda.wordpress.com/2012/10/30/aero-ge-review-tsujidou-san-no-junai-road/,Amaenbou Dane,"Hiroshi was a student at Inamura Academy in Kanagawa Shounan and became interested in his delinquent classmate Tsujidou-san after seeing her help a kitty in the rain. But everyone around her are also delinquents, including her rivals Maki and Renna. The life of an ordinary guy like him just got a lot more troubled!",Windows,4:3,https://tsurezurescans.wordpress.com/2018/03/19/tsujidou-san-no-junai-road-update-40-full-patch/,Simple,Fully,majikoi,Majikoi.html,chronoclock,ChronoClock.html,osadai,Osadai.html,"https://www.amazon.com/Tsujidou-Junai-Road-Japanese-adult-windows/dp/B00L7TOVXU, amazon"
Sengoku Rance,SengokuRance,sengokurance,"September 1, 2010",http://www.alicesoft.com/,Alice Soft,Y,,http://web.archive.org/web/20121017022244/http://yandere.tindabox.net/?page_id=19,,Yandere Translations,"Action, Comedy","gb, jp, cn, ru",66,,,"https://vndb.org/v2047, Rance VI - Zeth Houkai -","https://vndb.org/v6985, Rance Quest",,https://vndb.org/v487,18,N,"""The core of the game is fun for those looking for an ero game and even those just looking for a strategy game. It was definitely an amazing game, well worthy of translation.""",http://www.clanrain.com/2011/05/sengoku-rance-in-review-8510.html,Clan Rain,"""Sengoku Rance is a solid title, if not phenomenal. It is a rare visual novel that embodies great playing experience and story.""",http://lbs-project.blogspot.com/2013/04/sengoku-rance-review.html,Phenomenon of the Land,"""I enjoyed this game and hopefully this review will make some of you track this one down.""",http://videogameafterlife.blogspot.com/2009/09/sengoku-rance-vii.html,Video Game After Life,"In the far east nation of Nippon, a plethora of feudal lords are fighting for supremacy in the 4th Sengoku Era. After doing immeasurable damage on the Continent, the brute known as Rance traveled with his slave, Sill, to the island country.`For a hot spring vacation, you ask?`Wrong. While they'll go to some hot springs, Rance's goal is to bang all of Nippon's beautiful princesses, samurai, miko, ninjas, village girls, and more. In particular, he wants Kouhime of the prominent Oda Clan.`When Rance becomes the ruler of one of the feudal states, he charges head first toward uniting Nippon!",Windows,4:3,http://www.mediafire.com/?oebp1b7h8ian7,Simple,Not voiced,rancevi,RanceVI.html,eiyuusenki,EiyuuSenki.html,evenicle,Evenicle.html,"https://www.amazon.com/Sengoku-Rance/dp/B00OXLTG5C, amazon "
Monster Girl Quest!,MonsterGirlQuest,monstergirlquest,"April 13, 2015",http://mon110.sakura.ne.jp/index.html,Torotoro Resistance,N,http://www.dlsite.com/,,DLSite,,"Action, Fantasy, Comedy","gb, jp, cn, es, ru",38,,,None,"https://vndb.org/v7853, Monster Girl Quest! 2",https://www.reddit.com/r/monstergirlquest/,https://vndb.org/v5657,18,N,"""There's definitely an erotic aspect to the game and that I won't deny, but when you mix sex together with an outstanding story that delves as deep into philosophy and existence as any truly noteworthy RPG, then you've got a recipe for greatness.""",http://thegrimtower.com/review-monster-girl-quest-complete-lose-and-get-raped/,The Grim Tower,"""Meh. 10/10. Would play again.""",https://autisticcatdesu.wordpress.com/2014/07/04/monster-girl-quest-review/,The Daily Life of Autistic Cat,"""The first thing I will say is that your mileage WILL vary. Chances are, if you're a guy and already play eroge, you'll find that this game is some awesome shit. If not...well, there's always a first time.""",https://angryanimebitches.com/2012/01/monster-girl-quest-part-1-review/,Angry Anime Bitches,"In a world where monsters take the forms of women who lust after a substance only men can give them, one boy is fated to change everything forever. And to continuously get raped doing so.`The plot starts when Luka, hero of this story, has a dream of the goddess Ilias who commands him to take up arms, become a hero worthy of her and slay the Monster Lord whose legions of monster girls attack humans everywhere.","Windows, Linux, Mac, Android",4:3,,None,Partially,evenicle,Evenicle.html,kamidori,Kamidori.html,sengokurance,SengokuRance.html,"https://www.dlsite.com/ecchi-eng/work/=/product_id/RE074254.html, dlsite"
YU-NO,Yuno,yuno,Est. 2019,http://5pb.jp/,5pb. Games,N,http://www.spike-chunsoft.co.jp/,,Spike Chunsoft,,"Sci-Fi, Fantasy, Mystery","gb, jp, kr",41,,"https://myanimelist.net/anime/3883/YU-NO, YU-NO (1998), https://myanimelist.net/anime/34620/Kono_Yo_no_Hate_de_Koi_wo_Utau_Shoujo_YU-NO, YU-NO (2019)",None,None,https://www.reddit.com/r/yunogame/,https://vndb.org/v1377,17,N,"""Overal, YU-NO is a great game that I would definitely recommend to any relatively experienced visual novel player, and also to people who like interactive adventure games like Gyakuten Saiban/Phoenix Wright.""",https://iplayeroge.wordpress.com/2014/05/21/review-yu-no/,I play eroge,"""In conclusion, YU-NO has one of the best stories and soundtracks ever made for a video game, It also has great characters, outstanding sound and visual design, and unique space-time travelling gameplay mechanics.""",http://equimanthorn-lux.blogspot.com/2016/05/yu-no-girl-that-chants-love-at-edge-of.html,Dela Grante Reviews,"""Many awesome games give you a sense of epic scale, making you feel like you actually did just save an entire planet from catastrophes millenia in the making. On the other hand, YU-NO will make you feel the size and scope of each and every extant universe from the beginning of time to unforseeable futures.""",https://amaterasu.tindabox.net/blog/?p=254,Amaterasu,"Takuya Arima is a young student whose father, a historian who has conducted various researches, disappeared recently. During a summer vacation Takuya receives a peculiar package from his missing father, along with a letter containing information about the existence of various parallel worlds. At first Takuya doesn't take it seriously, but soon he realizes that he possesses a device that allows him to travel to alternate dimensions. Is his father alive, after all? If so, where is he?`YU-NO was originally released for the PC-98 in 1996 and was re-released for Microsoft Windows in 2000. YU-NO received an English fan translation in 2011. Spike Chunsoft announced a full re-make of the game for Windows and PS4, and 5pb. Games announced a port to the Switch, all slated for a 2019 release.",Windows,4:3,http://tlwiki.org/index.php?title=Kono_Yo_no_Hate_de_Koi_wo_Utau_Shoujo_YU-NO,Simple,Fully,faultmilestoneone,FaultMilestoneOne.html,vallhalla,Vallhalla.html,sekiennoinganock,SekienNoInganock.html,"https://www.play-asia.com/kono-yo-no-hate-de-koi-wo-utau-shoujo-yu-no/13/708gxf, playasia"
Sekien no Inganock,SekienNoInganock,sekiennoinganock,"November 22, 2007",http://www.liar.co.jp/,Liar-soft,Y,,http://amaterasu.tindabox.net/,,Amaterasu Translations,"Fantasy, Mystery","gb, jp, cn",13,,,None,None,,https://vndb.org/v417,18,N,"""Overall though, Sekien no Inganock is absolutely worth a play, with little quite like this out there. Definitely give it a shot.""",https://rockmandash12.kinja.com/rockmandash-reviews-sekien-no-inganock-visual-novel-1782710130,RockmanDash,"""It’s pretty amazing that after four years of reading visual novels and having exhausted most of those currently translated to English that I can still encounter titles that are unlike anything I have read before.""",https://thegeekclinic.wordpress.com/2017/01/08/visual-novel-review-sekien-no-inganock/,The Geek Clinic,"""If you’re tired of fluff, and want to read something with great music, great art, and that gives you thing to think about, I would happily recommend Sekien no Inganok (as long as you have an open mind and is fine with open endings).""",https://calamitousintents.wordpress.com/2009/12/25/sekien-no-inganock-review/,Calamitous Intent,"Inganock, a city isolated from the outside, a city where everything is distorted, even the sun. It all started ten years ago, at a day called as 'Revival'. Then residents of the city slowly changed into beings that are partially human and partially animal.`To this day, only a few still look fully human on the outside. One of these is Guy, a former medical student, now an illegal doctor that walks the city and cures the poor for free. He changed too, but only in the inside and his change enabled him a mysterious ability that he uses to heal people that keep mutating further every day.`He has a few 'friends' if you can call them that. One of them is a black steel cat girl called Atty. Another one is an old friend from his medical school that he just met again after ten years, Salem. And the games story really begins when he encounters a little girl with pink eyes named Keea...",Windows,4:3,https://amaterasu.tindabox.net/index.php?page=downloads,None,Fully,yuno,Yuno.html,999,999.html,steinsgate,SteinsGate.html,"https://www.amazon.com/Windows-Liar-Soft-Sekien-Inganock-ReBORN/dp/B006466QGG, amazon"
Rose Gun Days,RoseGunDays,rosegundays,"January 13, 2014",http://07th-expansion.net/,07th Expansion,Y,,http://www.witch-hunt.com/stage_rgd4.html,,Witch Hunt,"Action, Suspense","gb, jp, ru",,>50,,None,None,,https://vndb.org/v9678,0,N,"""Its mobster plot, glamor and action elements make it a very fresh title indeed. Add the fact that this game is well over 50 hours and you are sure to get your money’s worth out of it.""",https://www.ricedigital.co.uk/rose-guns-days-review/,Rice Digital,"""Should you read this Visual Novel? If you want a story you can immerse yourself into with a high reward: Yes.""",https://vnteaparty.wordpress.com/2015/09/07/rose-guns-days/,VN Tea Party,"""RGD only gains strength as the story develops and I think that by the end it develops into a masterpiece. The game has been fully translated by Witch Hunt and if you can find a copy to purchase then I think you’ll have a lot of fun in the world of RGD.""",https://reyskaw.com/2015/06/08/rose-guns-days-last-season-review/,Reyskaw,"Taking place in Japan at the end of World War II. Devastated in the aftermath of defeat, the Japanese government complies with the Allies' reconstruction plan. Japan begins to recover from the loss after a few years, but America and China intricately divide the nation on a municipal level. Eventually, China's military districts become Chinatowns, and places controlled by the United States are Americanized. The many Chinese and American immigrants make Japanese people the minority in their own land. Some Japanese are unwilling to accept this fate and secretly gather their strength to challenge the new system.`A girl named Rose Haibara works at the club Primavera and lends money to Japanese people so that they can rebuild their lives. Meanwhile, Leo Shishigami is best known for his reputation among women. Everything begins to change when that legendary man meets Rose in the spring of 1947.","Windows, Mac",4:3,http://www.witch-hunt.com/stage_rgd4.html,None,Not voiced,umineko,Umineko.html,higurashi,Higurashi.html,danganronpa,Danganronpa.html,"https://www.amazon.co.jp/%E3%80%8CROSE-GUNS-DAYS%E3%80%8D-Last-Season/dp/B00IAA1114, amazon"
Comyu,Comyu,comyu,"October 22, 2009",http://www.akatsukiworks.com/,Akatsuki Works,Y,,http://amaterasu.tindabox.net/,,Amaterasu Translations,"Action, Fantasy, Mystery","gb, jp",26,,,None,None,,https://vndb.org/v1896,18,N,"""If you're looking for another Akatsuki Works project in the same vein as G-senjou, Coµ isn't bad in the slightest.""",https://tay.kinja.com/co-black-dragon-in-a-gentle-kingdom-the-tay-review-1676244513,Talk Amongst Yourselves,"""While excellent writing (for the most part) and interesting characters vie with questionable battles and a lack of overall excitement, they all come together to form a story that doesn’t get old but also doesn’t reach the highs you might expect from the concept.""",https://thegeekclinic.wordpress.com/2015/09/06/visual-novel-review-comyu-co%CE%BC/,The Geek Clinic,"""Comyu is a tragedy and comedy both. It is our fantasies dashing themselves upon the rock of reality. It is a raging whirlpool of powerful themes, awesome happenings, and compelling characters, which will suck you in and then spit you out, leaving you empty. The ending, especially, is so poetically depressing, and perfectly encapsulates the dark fantasy that is Comyu. Comyu is dark – very dark. And I loved every moment of it.""",https://furusami.wordpress.com/2014/08/01/review-comyu-kuroi-ryuu-no-yasashii-oukoku/,Fur Usami,"""We are a team. No, a community...""`Legends tell of a mysterious woman known only as ""Girl A"", who makes herself known to special individuals in a certain city and sings all throughout the night. One such night, Akihito meets four strangers as if guided by her beautiful voice...`There are no feelings of friendship nor any trust between the five individuals, yet they are able to control a huge monster -- a steel black dragon -- by combining their wills and cooperating with one another. Now, on the night they obtain this power, their extraordinary life begins...`Akihito later learns that a terrible price comes with the use of this power: If the monster should be destroyed, their ""community"" shall disappear along with it...`Five strangers brought together by destiny, they decide to enter the secret world of the ""Co?net"" with the help of Kagome, a black witch...",Windows,4:3,http://amaterasu.tindabox.net/,Simple,Fully,tdogs,DevilOnGString.html,diesirae,DiesIrae.html,tokyobabel,TokyoBabel.html,"http://www.akatsukiworks.com/product/com/top.html, website, http://www.getchu.com/soft.phtml?id=651965, getchu"
Tsukihime,Tsukihime,tsukihime,"December 29, 2000",http://www.typemoon.com/,Type-Moon,Y,,http://mirrormoon.org/projects/complete/tsukihime/,,Mirror Moon,"Action, Fantasy","gb, jp, es, cn, ru",40,,"https://myanimelist.net/anime/169/Shingetsutan_Tsukihime, Lunar Legend Tsukihime",None,"https://vndb.org/v47, Kagetsu Tohya",https://www.reddit.com/r/Tsukihime/,https://vndb.org/v7,17,Y,"""Tsukihime is a great story that needs a new coat of paint: it has some of the best writing Type-Moon has put out, yet due to the age, there’s quite a bit holding it back.""",https://rockmandash12.kinja.com/rockmandash-reviews-tsukihime-visual-novel-1614282097,RockmanDash,"""In the end, this is a game worth a play for anyone who enjoys VNs.""",https://understatedgrey.livejournal.com/1377.html,understatedgrey,"""I liked Tsukihime, but most of what I liked was in the characters and setting, rather than the events that unfold throughout the story.""",https://thegeekclinic.wordpress.com/2013/09/29/visual-novel-mega-review-tsukihime-kagetsu-tohya-and-melty-blood/,The Geek Clinic,"The story begins in a recollection of a boy called Shiki in his childhood years. There he gains a power out of this world. What is the meaning of this power, and what can he do with it? This is his story of finding the missing pieces of the puzzle.","Windows, DS, Vita",4:3,http://mirrormoon.org/projects/tsukihime,None,Not voiced,fatestaynight,FateStayNight.html,diesirae,DiesIrae.html,comyu,Comyu.html,"https://www.amazon.co.jp/TYPE-MOON-%E6%9C%88%E5%A7%AB-%E6%9C%88%E5%A7%ABPLUS-DISC-%E6%AD%8C%E6%9C%88%E5%8D%81%E5%A4%9C/dp/B07D9816WH, amazon"
Hoshizora no Memoria,Hoshizora,hoshizora,"December 18, 2017",http://www.favo.co.jp/soft/,Favorite,N,http://sekaiproject.com/,,Sekai Project,,"Comedy, Romance, Drama","gb, jp, cn, es",65,,,None,None,,https://vndb.org/v1474,0,Y,"""I was quite satisfied with Hoshizora, especially the true end. It brought a smile to my face that just wouldn’t disappear.""",https://omochikaeri.wordpress.com/2009/04/22/hoshizora-no-memoria-review/,Omochikaeri,"""If you like slice of life stories, or even if you feel that you might just barely be able to stomach something that isn’t full of action and excitement, Hoshizora no Memoria is for you.""",https://thegeekclinic.wordpress.com/2013/10/06/vn-review-hoshizora-no-memoria-wish-upon-a-shooting-star/,The Geek Clinic,"""Hoshizora no Memoria is a fantastic VN in more ways than one - it is a fantastic love story and a journey through the fantastic night sky.""",https://deepbluejeer.wordpress.com/2012/04/27/vn-review-hoshizora-no-memoria-wish-upon-a-shooting-star/,Deep Blue Jeer,"After their mother passes away, Kogasaka You and his younger sister, Chinami, pack up and move out of the city back to their hometown of Hibarigasaki to live with their aunt Shino. Before making the move to the city, You spent almost every single day after school playing with a girl up at the town observation lookout; she was You's first true friend. And when she learns of You’s upcoming relocation to the city she becomes very upset…so much so that she makes him promise to her that one day he must return to Hibarigasaki to marry her. And with a final departure she kisses You on the forehead.`Years later, upon returning to Hibarigasaki, You comes across a now abandoned, fenced-off observatory lookout. It is at this lookout where he encounters a mysterious scythe-wielding girl named Mare who looks strangely like his childhood friend from years past. But as You's life back in his hometown progresses, he is able to makes new friends both in the astronomy club at school and while working at a local restaurant, all while still attempting to seek out his childhood friend. Intrigued, he continues to visit with this mysterious girl at the lookout, but who is she really, and will he ever be able to find his childhood friend and make good on his promise?",Windows,4:3,,None,Fully,konosora,KonoSora.html,littlebusters,LittleBusters.html,princessevangile,PrincessEvangile.html,"https://denpasoft.com/products/hoshizora-no-memoria?rfsn=871632.d54765&utm_source=refersion&utm_medium=affiliate&utm_campaign=871632.d54765, denpasoft, https://store.steampowered.com/app/715580/Hoshizora_no_Memoria_Wish_upon_a_Shooting_Star/, steam"
Himawari,Himawari,himawari,"December 9, 2016",http://frontwing.jp/,Frontwing,N,http://www.mangagamer.com/,,MangaGamer,,"Mystery, Sci-Fi","gb, jp",50,,,None,None,,https://vndb.org/v210,15,N,"""It’s easy to say that Himawari – The Sunflower – doesn’t tell a perfect story; there are lulls early on and a bit near the middle of this massive tale which might throw a few people off. Once you’re immersed in the world and characters, however, it’s tremendously difficult to step away. With professional presentation and a truly likable cast, you’ll find yourself desiring to 100% complete the visual novel and lamenting once the journey is finally over.""",https://www.hardcoregamer.com/2017/01/19/review-himawari-the-sunflower/243514/,HardcoreGamer,"""If you are the type of person that loves to gaze into space in deep thought of all the possibilities it might offer, Himawari may be the shooting star you have been waiting for.""",https://www.ricedigital.co.uk/himawari-sunflower-review/,Rice Digital,"""Sure, it has its boring bits, but manages to convey messages that are worth lending an ear to - it may not be the best VN I’ve ever read in my life, but it’s a pretty enjoyable and touching story for the most part.""",https://gareblogs.wordpress.com/2015/01/21/vn-review-himawari/,gareblogs,"Himawari tells a tale of love, tragedy, and sacrifice played out on two stages – Earth, and outer space. Enter Hinata Youichi, a young high school student and sole survivor of a tragic spaceplane crash that robbed him of both his family and memories roughly two years prior. Amnesiac but steady in his new life, Youichi manages to find solace in surrounding himself with friends: Amamiya Ginga, the eccentric son of a world-famous astronaut, as well as the tomboyish, yet ultimately kind-hearted quasi-childhood friend, Saionji Asuka. Everything changes, however, when an unidentified object crash-lands in Youichi’s hometown and he meets Aries, a mysterious – and similarly amnesiac – young girl from outer space. Who is Aries? What happened on that fateful day two years ago? And what secrets lurk behind the accident that turned Youichi’s life upside down?`Explore Youichi’s struggle in coming to terms with his lost memories while an entirely different story is revealed to have taken place far beyond the clouds, in the chilling void of outer space. What starts out as a young man’s light-hearted high-school adventure soon takes a more serious turn as both Youichi and the reader are led to face a sobering revelation: that not everything is as it seems at first glance.",Windows,4:3,,None,Fully,grisaia,Grisaia.html,sharinnokuni,SharinNoKuni.html,hoshizora,Hoshizora.html,"https://www.mangagamer.com/detail.php?goods_type=1&product_code=1003&af=3a123f6214695bfacaa881bd3117c693, mangagamer, https://store.steampowered.com/app/554290/Himawari__The_Sunflower/, steam"
Sharin no Kuni,SharinNoKuni,sharinnokuni,"November 25, 2005",http://www.akabeesoft2.com/,Akabei Soft2,Y,,http://tlwiki.org/index.php?title=Main_Page,,TLWiki,"Drama, Romance","gb, jp, cn, ru, es, de, vn",30,,,None,None,,https://vndb.org/v57,18,N,"""It’s a game with great characters and a great premise, but it could be better. If you can get over the problems it has, you’ll like it.""",https://tay.kinja.com/rockmandash-reviews-sharin-no-kuni-himawari-no-shouj-1554102675,RockmanDash,"""Sharin no Kuni was an absolute pleasure to read; I really can’t express how much I enjoyed it.""",https://thegeekclinic.wordpress.com/2013/06/30/visual-novel-review-sharin-no-kuni-himawari-no-shoujo/,The Geek Clinic,"""Overall, Sharin no Kuni, while it requires copious amounts of suspension of disbelief, is a good read. It poses some interesting questions about society, crime and punishment, while having some great twists here and there. It is most definitely not a waste of your time.""",https://deepbluejeer.wordpress.com/2012/04/27/vn-review-sharin-no-kuni-himawari-no-shoujo/,Deep Blue Jeer,"Early summer.`A society which imposes special ""Duties"" upon everyone who breaks the law.`The individuals who oversee these criminals' rehabilitation are the ""Special Elite""?a rank the protagonist, Kenichi Morita, hopes to attain. To do that, he must pass his final exam, for which he arrives at a certain country town.`At the school Kenichi attends, he encounters girls bound by various “Duties.” Those obligated ""to observe a 12-hour day"" are forbidden from being awake for more than 12 hours per day, and those obligated ""to remain in infancy"" cannot grow up. It is meeting Natsumi Hinata, the girl who ""cannot fall in love,"" that throws him out of gear.`Soon, Kenichi makes a series of odd discoveries… his own grave, erected secretly on a clifftop; his patrimony, hidden deep inside a cavern. Kenichi finds that he must search for his own atonement in this dystopian society. What is the truth behind the Land of the Spinning Wheel? Discover for yourself through Kenichi's eyes!",Windows,4:3,http://www.tsukuru.info/sharin/,None,Fully,tdogs,DevilOnGString.html,konosora,KonoSora.html,clannad,Clannad.html,"https://www.amazon.com/Wheel-Country-Sunflower-Sharin-Himawari/dp/B000C2BKU0, amazon"
Nameless,Nameless,nameless,"November 11, 2013",http://www.cheritz.com/,Cheritz,N,http://www.cheritz.com/,,Cheritz,,Drama,"gb, jp, kr",33,,,None,None,,https://vndb.org/v12396,15,N,"""Most otome visual novels available to western gamers deserve a look due purely to their niche status, but Nameless deserves attention for more than that. Beyond its gorgeous surface is a fantastic, twisting narrative.""",https://www.hardcoregamer.com/2015/01/16/review-nameless-the-one-thing-you-must-recall/129534/,HardcoreGamer,"""If you are looking for a darker, more unique otome game, then Nameless is definitely a good choice!""",https://otomedreamworld.wordpress.com/2015/11/03/nameless-the-one-thing-you-must-recall-review/,Otome Dreamworld,"""So yeah, if you’re into angst and romance with some bits of comedy and amazing music, this game is for you.""",https://poweredbyrubberduckies.wordpress.com/2017/12/16/nameless-the-one-thing-you-must-recall-review/,Powered By Rubber Duckies,"Eri is an ordinary looking freshman who attends Crobi Academy. With her parents working as researchers overseas, she is left all alone at her grandparents' house after her grandfather's death. Left by herself, Eri continues to obsess over her ball jointed dolls; a hobby she's unable to tell anyone about, even her friends.","Windows, Mac",4:3,,None,Fully,blackwolvessaga,BlackWolvesSaga.html,nightshade,Nightshade.html,mysticmessenger,MysticMessenger.html,"https://store.steampowered.com/app/337930/Nameless_The_one_thing_you_must_recall/, steam"
Lamento -Beyond the Void-,Lamento,lamento,"April 27, 2007",http://www.nitrochiral.com/,Nitro+Chiral,Y,,https://vndb.org/p572,,Yaoi Forever,Action,"gb, jp, cn, ru, br",,30 - 50,,None,None,,https://vndb.org/v432,18,N,"""... if you enjoy cat boys, amazing art & music, and a little BL with your plot, I definitely recommend it.""",http://frillyfujoshi.blogspot.com/2011/11/bl-game-review-lamento-beyond-void.html,Frilly Fujoshi,"""This is just an amazing game. It’s like somebody put together my deam game and made it even better than I could ever imagine. """,http://yumiisdream.blogspot.com/2010/12/game-review-lamento-beyond-void.html,Yumii's Dream Factory,"""Despite being released back in 2006 the art, VA, and CGs continue to look great in the present day. N+C is known for their high production value VNs and it's a well-deserved praise.""",http://ec2-54-84-239-207.compute-1.amazonaws.com/lamento-beyond-the-void-review/,Knightime,"The game takes place in a fictional world inhabited by Ribika (who look like humans but have cat ears and tails). Their world has fallen into dark times -- a mysterious void has made some places (and even animals) impossible to touch, causing major food shortages. A strange and deadly disease that has killed off a large percentage of the female Ribika population is also spreading.`The hero, Konoe, exists in this miserable world, living alone in the starving village of Karou who have turned to cannibalism. The story begins with Konoe in Karou, where he suddenly begins to see horrible dreams and strange marks appear on his body. This is believed to be a curse so Konoe heads off to Ransen (the big city) in order to heal his body...",Windows,4:3,http://aarinfantasy.com/forum/f16/t188029-lamento-translation-patch-release.html,Simple,Fully,togainunochi,TogainuNoChi.html,dramaticalmurder,DramaticalMurder.html,blackwolvessaga,BlackWolvesSaga.html,"https://www.amazon.com/Lamento-Beyond-Void/dp/B000PBSH86, amazon"
SeaBed,SeaBed,seabed,"December 19, 2017",http://b.dlsite.net/RG32289/,paleontology,N,http://fruitbatfactory.com/seabed/,,Fruitbat Factory,,"Mystery, Drama, Romance","gb, jp",,10 - 30,,None,None,,https://vndb.org/v19273,0,N,"""It may not be the most fast-paced or engaging tale on the market, but it provides a distinct experience. Those looking to dive into a new yuri game can expect to swim with SeaBed for ten to twenty hours as they uncover its secrets.""",https://www.hardcoregamer.com/2017/12/18/review-seabed/282385/,HardcoreGamer,"""If what’s said so far – regarding the slow pacing and slice-of-life feel - hasn’t chased you off yet, SeaBed is overwhelmingly worth the purchase and is a nice, substantial read you can enjoy multiple times.""",https://nekoshiritori.wordpress.com/2017/12/21/seabed-review/,Neko's Shiritori,"""Playing SeaBed was one of my most rewarding experiences this year and I’ve had a lot of rewarding media experiences this year. The game is 15-25 hours long and absolutely outstanding to those it’ll appeal to.""",https://floatingintobliss.wordpress.com/2017/12/18/yuri-visual-novel-review-seabed/,Floating into Bliss,"SeaBed is a yuri-themed mystery visual novel told through the perspectives of three separate characters: Mizuno Sachiko, a designer plagued by hallucinations of her past lover; Narasaki Hibiki, Sachiko's friend and a psychiatrist researching the workings of human memories; and Takako, Sachiko's former lover who has been rapidly forgetting her past, including how or why the two women drifted apart despite being together since childhood.`All three live in different worlds, but seek the same goal. To separate truth from illusion. To make sense of their own lives.
",Windows,4:3,,None,Not voiced,kindredspirits,KindredSpirits.html,flowers,Flowers.html,highwayblossoms,HighwayBlossoms.html,"https://www.mangagamer.com/detail.php?goods_type=1&product_code=1028&af=3a123f6214695bfacaa881bd3117c693, mangagamer, https://store.steampowered.com/app/583090/SeaBed/, steam"
"No, Thank You!!!",NoThankYou,nothankyou,"February 27, 2015",http://pa-rade.jp/,Parade,N,http://www.mangagamer.com/,,MangaGamer,,"Mystery, Drama","gb, jp, cn",,10 - 30,,None,None,,https://vndb.org/v8701,18,N,"""Overall the art is lovely (thousands of CGs), sound quality is crisp and clear (fully voiced), and the plot is enjoyable.""",https://bakphoontyphoon.wordpress.com/2015/11/12/no-thank-you-review-aka-why-safe-words-are-important/,Bakphoon Typhoon,"""It is far from bad, but no one should get excited just because they hear NTY is the best of the best of the BL genre. But if they are curious about trying out the BL genre, this is very likely the best one out there, and I’d encourage them to buy and play it.""",https://iplayeroge.wordpress.com/2015/04/08/review-no-thank-you/,I play eroge,"""If you asked me whether or not you should buy No, Thank You!!!, I would still say ‘absolutely!’. It’s the most high quality BL game localised for the English market that I’ve ever played.""",https://www.ricedigital.co.uk/thank-review/,Rice Digital,"This summer vacation begins with a car accident...`Our protagonist protects a man from an out of control car, but gets hit and loses his memory in the process. The man he saved happens to be the owner of a jazz bar, sotano. Out of sympathy for his hapless savior, the man decides to set him up with a job and a place to live.`From the outside, sotano looks like a cozy little jazz bar, but behind the scenes they solve problems that the police and legitimate detective agencies won’t touch. The staff there give our protagonist the name ""Haru"". He gradually makes his way deeper into the organization, and the hearts and lives of the staff, while working as an apprentice bartender. But just who is Haru really...?",Windows,4:3,,None,Fully,togainunochi,TogainuNoChi.html,lamento,Lamento.html,dramaticalmurder,DramaticalMurder.html,"https://www.jlist.com/mg028?___store=jlist&acc=5, jlist, https://www.mangagamer.com/detail.php?aflg=18over&product_code=131&af=3a123f6214695bfacaa881bd3117c693, mangagamer, https://store.steampowered.com/app/975000/NO_THANK_YOU/, steam"
Togainu no Chi,TogainuNoChi,togainunochi,"March 25, 2005",http://www.nitrochiral.com/,Nitro+Chiral,Y,,https://vndb.org/p572,,Yaoi Forever,"Action, Drama","gb, jp, ru",31,,"https://myanimelist.net/anime/8449/Togainu_no_Chi, Togainu no Chi",None,None,,https://vndb.org/v434,18,N,"""The characters are interesting, the plot though cliche is decent, and the CGs are definitely drool-worthy. Nothing in this visual novel screams amateur, and it can be seen that Togainu no Chi was definitely well-prepped.""",http://metanorn.net/2013/02/boys-love-game-review-togainu-no-chi-true-blood,Metanorn,"""Nitro+ are famous for their artwork and in TNC it was just great. The poses, the anatomy, character design, everything""",http://yumiisdream.blogspot.com/2010/11/game-review-togainu-no-chi.html,Yumii's Dream Factory,"""Multiple routes and endings give you many mysteries to explore and you know the visuals are going to be good. If you’ve been eager to play a boys love title, there’s no better start than the first game in Nitro+Chiral’s BL line of visual novels.""",https://www.ricedigital.co.uk/visual-novel-spotlight-togainu-no-chi/,Rice Digital,"After being devastated in the third World War (known as The Third Division), Japan was divided in two. Several years after the end of the war, a crime organization called Vischio has taken control of the destroyed city of Toshima (formerly Tokyo, Japan's capital city), where they are holding a battle game known as ""Igura"". The game's main character, a young man named Akira, is falsely accused of a crime. Once arrested, a mysterious woman appears before him, offering him freedom if he agrees to participate in Igura and defeat Igura's strongest man: the king, or ""Il re"". The story follows Akira's life in the harsh, lawless Toshima as he fights both to survive and to unravel the mysteries developing around him.",Windows,4:3,http://aarinfantasy.com/forum/f16/t164299-togainu-no-chi-english.html,None,Fully,lamento,Lamento.html,dramaticalmurder,DramaticalMurder.html,nothankyou,NoThankYou.html,"https://www.play-asia.com/togainu-no-chi-true-blood/13/7024ez?tagid=969338, playasia"
A Kiss for the Petals,KissForThePetals,kissforthepetals,"February 22, 2018",http://masterup.net/yurinyurin/,Yurin Yurin,N,http://www.mangagamer.com/,,MangaGamer,,Romance,"gb, jp, cn",14,,,"https://vndb.org/v8434, A Kiss For The Petals - Lily Platinum","https://vndb.org/v12097, A Kiss For The Petals - Lovers of the Atelier",https://www.reddit.com/r/SonoHanabira/,https://vndb.org/v10700,0,Y,"""While it’s definitely not the best yuri I’ve ever read, it’s decent for $34.99 USD. It will be even better if we get the earlier games officially translated at some point, but as it stands A Kiss For The Petals: Maidens of Michael is still not a bad choice for yuri fans.""",http://operationrainfall.com/2018/08/27/eroge-review-sonohana-maidens-of-michael/,OpRainfall,"""Highly recommended to longtime fans of the franchise and people who want another yuri title with lots of cute and steamy loving.""",https://yurination.wordpress.com/2018/04/01/a-kiss-for-the-petals-maidens-of-michael-review/,Yuri Nation,"""If you are looking for a game filled with cute girls in love with other cute girls that doesn’t feel forced or voyeuristic, A Kiss for the Petals: Maidens of Michael is a light, fluffy romp that will have you smiling ear to ear at the end of each couples’ story.""",http://g-nitro.com/game-review-a-kiss-for-the-petals-maidens-of-michael,G-Nitro,"Today at Saint Michael Girls' School, the class representative for the first-year “Snow” Class, Azumi Risa, had once again been fighting with the class troublemaker, Ayase Miya. Risa, who is earnest and hard-nosed, and Miya, who hates to cooperate with others, couldn’t have been less right for each other, as they were always on the verge of tearing each other’s throats out.`At the time, the whole school was in a festive mood with Christmas just around the corner. As couples and spur-of-the-moment couples alike were flirtatiously carrying on, the whole school was abuzz with excitement over the “St. Michael’s Best Couple” poll being conducted by the student volunteers. Risa, who was single, figured it didn’t concern her...`So then how did she and Miya end up being chosen?!`Although Risa naturally denied that they shared that kind of relationship, the classmates who had selected them would just smile with the reasoning of tempered young ladies who had been raised in respectable families and say, “You always look like you’re having so much fun.” Resigning themselves, the two decided to go along with it, “Just for appearance’s sake,” and it seemed they would have to stick it out through the coming holidays of Christmas and Valentine’s Day along with four other couples as the committee members for various events.`Will the big name couples be able to handle the events that follow? And will Risa be able to survive the lovers’ holidays of Christmas and Valentine’s with Miya?","Windows, Linux, Mac",4:3,,None,Fully,kindredspirits,KindredSpirits.html,flowers,Flowers.html,highwayblossoms,HighwayBlossoms.html,"https://www.mangagamer.com/detail.php?product_code=1044&goods_type=1&af=3a123f6214695bfacaa881bd3117c693, mangagamer"
Aoishiro,Aoishiro,aoishiro,"November 21, 2008",http://www.success-corp.co.jp/,Success,Y,,http://www.ghostyuri.com/projects-old/novels/,,Shijima,"Romance, Fantasy","gb, jp",,10 - 30,,None,None,,https://vndb.org/v710,15,N,"""Easily surpassing its excellent predecessor, Akai Ito, Aoishiro is my favorite visual novel (if not video game) of all-time.""",https://yurireviews.com/2016/03/11/guest-review-by-bigbossbalrog-visual/,Yuri Reviews,"""Aoishiro earns its status as a “girls’ love” visual novel. It has blood sucking vampire-like, even with actual kisses on screen.  If you are also into Japanese mythology and similar subjects or shoujo ai genre that doesn’t have mature scene, this visual novel will appeal to you. In fact, I would say don’t miss it.""",https://rpgvaliant.com/game-reviews/aoishiro-review-girls-love-in-between-modern-world-and-mythical-world/,RPG Valiant,"""It is the game equivalent of fireworks. A few beautiful explosions that leave your jaw hanging open, you just wish that there was one more or that they lasted just a bit longer""",http://okazu.yuricon.com/2010/01/13/visual-novel-aoi-shiro/,Okazu,"The Seijou Girls’ Academy Kendo Club is traveling to Shoushinji for a Summer training camp. Near there is an island, Urashima, where legend has it a demon extermination took place long ago.`They arrive around the time of a festival which honors a god that is worshipped by the people of Urashima; it celebrates the onitaiji and ensure another year of health for the people. Around the time of the festival, the weather around Urashima worsens and storms will come.`A few days into their training, Osanai Shouko finds a girl washed up on the shores near the location of the training camp. She cannot speak and doesn’t seem to know much about herself...",Windows,4:3,http://web.archive.org/web/20111104101410/http://www.solelo.com/aoishiro/pc/,Simple,Fully,seabed,SeaBed.html,kindredspirits,KindredSpirits.html,flowers,Flowers.html,"https://www.amazon.com/Aoishiro-Japan-Playstation-2/dp/B0012E5940, amazon, https://www.play-asia.com/aoishiro/13/702l4y, playasia"
Rance VI,RanceVI,rancevi,"December 23, 2016",http://www.alicesoft.com/,Alice Soft,N,http://www.mangagamer.com/,,MangaGamer,,"Action, Comedy","gb, jp, cn",61,,,"https://vndb.org/v2046, Rance V","SengokuRance.html, Sengoku Rance",,https://vndb.org/v2047,18,N,"""Rance 6 is a uniquely refreshing RPG that has a lot to offer. The simplified dungeon crawling and combat, as well as the ability to escape whenever you want alongside with some other nuances erase any frustration inherent to the genre. But like always, the stars of the show are its eccentric characters and over the top humor. If the prospect of a funny visual novel with decent gameplay sounds enticing, there is nothing quite like Rance 6.""",https://www.ricedigital.co.uk/rance-6-review/,Rice Digital,"""Ultimately the Rance series is more than just a source of entertainment for me, they are irreplaceable life experiences that I honestly couldn’t imagine my life without. The laughter they’ve given me have stemmed the tides of depression and seeing Rance forge his own destiny, overcoming the insane odds placed against him and being so uncompromisingly true to himself, inspires and gives me an unfaltering passion and drive to do the same in life.""",http://blog.mangagamer.org/2017/01/23/rances-rance-review-of-rance-5d-and-rance-vi/,MangaGamer,"""I think that the music is really good, if not super memorable and that the game would be even better with voice acting. But that’s as close to a criticism as I can come; this really is a classic game.""",https://operationrainfall.com/2017/02/06/18-eroge-review-rance-vi/3/,OpRainfall,"Set in the year LP0004, Rance and Sill travel to the Magic Kingdom of Zeth because they ran out of money once more. However, after offending a high-ranked minister and magic user named Radon, Rance is ironically thrown into the slave camp while his magic-using slave Sill is treated as a VIP.`Vowing vengeance, he eventually escapes with the help of an underground resistance group called Ice Flame. Currently Zeth is an extremely un-equal country, with magic users being the only real citizens and the non-magic users treated much like slaves with virtually no rights. Only groups like Ice Flame and the more violent and extreme group known as Pentagon, and perhaps the mysterious King of Zeth try to fight this cruel status quo.`Rance joins the group in order to get his revenge against the mages of the government of Zeth, and be reunited with Sill ""while he's at it"".",Windows,4:3,,None,Not voiced,sengokurance,SengokuRance.html,eiyuusenki,EiyuuSenki.html,evenicle,Evenicle.html,"https://www.mangagamer.com/detail.php?goods_type=1&product_code=1004&af=3a123f6214695bfacaa881bd3117c693, mangagamer"
Utawarerumono,Utawarerumono,utawarerumono,"April 26, 2002",http://leaf.aquaplus.co.jp/,Leaf,Y,,https://vndb.org/r34,,Mirror Moon & Soylations,Action,"gb, jp, cn, es, kr",23,,"https://myanimelist.net/anime/856/Utawarerumono, Utawarerumono",None,"https://vndb.org/v7721, Utawarerumono: Mask of Deception",https://www.reddit.com/r/Utawarerumono/,https://vndb.org/v3,18,N,"""Utawarerumono is a good time to pass, despite fighting a bit tiresome, the story quickly catch up. A full English translation is available by the team Mirror Moon as well as the ability to import dubbing PS2 version. No excuses for not playing it!"" (Translated by Google Translate)",https://www.legendra.com/rpg/fiche-articles_id-906-rpg-utawarerumono.html#article_906,Legendra,"""All in all, I really enjoyed playing Utawarerumono. And so far, I'm enjoying the anime series, too. It's not a jawdropping high-tech game, nor a super hentai game whatsoever, but Utaware gives the player and audience a long-lasting experience.""",http://reviews.minitokyo.net/1095,Mini Tokyo,"""Utawarerumono doesn’t start off particularly promising, and you’d be forgiven in thinking that, based upon its archetype-ridden beginnings, it would drown in a flood of clichés well before it hits endgame. But you would be largely mistaken.""",http://www.honestgamers.com/7014/pc/utawarerumono/review.html,Honest Gamers,"Hakuoro, a man who wakes up in a tiny backwoods village near the mountains with heavy injuries, no memory, and a mask he cannot remove. After being nursed back to health by Eruruw, the girl who found him lying at the point of death in the forest, he starts to view the village as his new home. But when an oppressive ruler threatens the peaceful life of Hakuoro and his newfound friends and family, they find themselves hurtled towards war, chaos, and a destiny far greater than any of them imagined.",Windows,4:3,http://mirrormoon.org/projects/utawarerumono,None,Fully,kamidori,Kamidori.html,eiennoaselia,EienNoAselia.html,rosegundays,RoseGunDays.html,"https://www.amazon.com/Utawarerumono-Visual-Novel/dp/B0000YD6BQ, amazon"
Eien no Aselia,EienNoAselia,eiennoaselia,"November 13, 2011",http://www.xuse.co.jp/,Xuse,N,https://vndb.org/p1935,,JAST Densetsu,,"Action, Drama","gb, jp",75,,"https://myanimelist.net/anime/503/Eien_no_Aselia, Eien no Aselia",None,"https://vndb.org/v26, Seinarukana",,https://vndb.org/v74,0,N,"""There’s a lot more I could have talked about in this review, especially with regard to the story, but the bottom line is that Aselia is fun to both read and play even if it might not suit the tastes of everyone.""",https://thegeekclinic.wordpress.com/2016/06/12/visual-novel-review-aselia-the-eternal-eien-no-aselia/,The Geek Clinic,"""Overall, Xuse’s Aselia the Eternal is a great little strategy VN, with a gripping plot, compelling character dynamics, and strategic gameplay.""",http://moarpowah.com/2013/10/14/laevateins-readin-sessions-aselia-the-eternal/,Moar Powah!,"""It's an extremely rare occasion when a game that spans dozens of hours keeps you entertained at the start, the end, and nearly every minute in the middle.""",http://www.rpgfan.com/reviews/Aselia_the_Eternal/index.html,RPGFan,"Yuuto has been taking care of his step-sister Kaori since the passing of both of their parents. Their life is hard, but they are happy together - at least until the day they are transported to a parallel world that they will later come to call Phantasmagoria...`In this world where he can't even understand a single spoken word, his sister is taken prisoner and her captors, calling him an 'Etranger', force him to fight wielding a sword that tries to control his mind instead...`Although he first accepts this fate only to protect Kaori, with passing time Yuuto starts to care for the fate of the 'spirits', the girls that fight alongside him, and other inhabitants of this world as well...",Windows,4:3,,None,Fully,utawarerumono,Utawarerumono.html,rosegundays,RoseGunDays.html,kamidori,Kamidori.html,"https://store.steampowered.com/app/445420/Aselia_the_Eternal_The_Spirit_of_Eternity_Sword/, steam"
Umineko no Naku Koro ni,Umineko,umineko,"July 8, 2016",http://07th-expansion.net/,07th Expansion,N,http://www.mangagamer.com/,,MangaGamer,,"Mystery, Suspense, Drama","gb, jp, cn, es, it, ru",70,,"https://myanimelist.net/anime/4896/Umineko_no_Naku_Koro_ni, Umineko no Naku Koro ni",None,"https://vndb.org/v2153, Umineko no Naku Koro ni Chiru",https://www.reddit.com/r/umineko/,https://vndb.org/v24,0,N,"""As far as visual novels are concerned, the complex tale of murder and mystery it weaves can only be matched by a few other titles. While at first you may struggle to remember who is who, by the end you’ll have an intense knowledge of the Ushiromiya family and their internal struggles.""",https://www.hardcoregamer.com/2016/08/18/review-umineko-when-they-cry/221505/,HardcoreGamer,"""I must admit I came into Umineko with pretty low expectations, thinking that after Higurashi there was no way anyone could make a visual novel that was so thrilling to read from start to finish. Thankfully I was wrong.""",https://www.ricedigital.co.uk/umineko-naku-koro-ni-review/,Rice Digital,"""I will say it again. I guarantee Umineko is a masterpiece. Please go read it.""",https://weebstory.wordpress.com/2017/11/21/anime-umineko-visual-novel-review/,WeebStory,"Umineko no Naku Koro ni takes place in the year 1986 during the time frame of October 4 and October 5 on a secluded island named Rokkenjima. The head of a wealthy family named Kinzo Ushiromiya, who lives on and owns Rokkenjima, is near death, and eleven of his family members arrive on the island to discuss how Kinzo's assets will be divided once he is dead. Also on the island are five of Kinzo's servants, and his personal physician. After the eleven family members arrive, a typhoon traps them on the island and shortly after people start to get mysteriously murdered.","Windows, Linux, Mac",4:3,,None,Not voiced,higurashi,Higurashi.html,danganronpa,Danganronpa.html,999,999.html,"https://store.steampowered.com/app/406550/Umineko_When_They_Cry__Question_Arcs/, steam"
Saya no Uta,SayaNoUta,sayanouta,"May 6, 2013",http://www.nitroplus.co.jp/,Nitroplus,N,http://www.jastusa.com/,,JAST USA,,"Horror, Romance","gb, jp, kr, cn, ru, vn, fr, es, br, it, de, po",6,,,None,None,https://www.reddit.com/r/SayaNoUta/,https://vndb.org/v97,18,N,"""H.P. Lovecraft would be proud.""",https://kotaku.com/saya-no-uta-the-song-of-saya-the-kotaku-review-509012142,Kotaku,"""Dark writings that drive their readers to obsession are a cliche of Lovecraftian fiction, and Saya no Uta is the real-world equivalent, a visual novel you shouldn't read for the sake of your own peace of mind, that should come with warnings that trail off into italics, ellipses, and madness and definitely not a link to its vndb entry.""",https://www.pcgamer.com/i-love-saya-no-uta-even-though-its-incredibly-messed-up/,PC Gamer,"""'Lovecraftian' is a word that gets thrown around too much, and too often it's used to describe any piece of work that has tentacles and a bit of slime in it, but Saya No Uta is truly Lovecraftian on both an aesthetic and thematic level. It's about the fragility of sanity, the smallness of our world compared to the cosmos and, of course, that age old adage: Ignorance is bliss.""",https://v1.escapistmagazine.com/articles/view/video-games/goodoldreviews/15185-Saya-No-Uta-Good-Old-Review.2,The Escapist,"Fuminori Sakisaka has a traffic accident which kills his parents and leaves him heavily injured. When he has a brain surgery to save his life, his perception of the world changes: everything he sees becomes blood and guts, people's looks and voices seem like monsters, and food that normally appeals to him tastes disgusting.`As he contemplates suicide in the hospital, Fuminori meets a beautiful girl among the flesh-covered walls. She introduces herself as Saya, and is apparently looking for her father. Fuminori does not want to be separated from Saya, and asks her to live with him. She agrees.","Windows, Vita",4:3,,None,Fully,higurashi,Higurashi.html,chaoschild,ChaosChild.html,subahibi,Subahibi.html,"https://jastusa.com/saya-no-uta-the-song-of-saya, jast, https://www.jlist.com/np002?___store=jlist&acc=5, jlist"
The House in Fata Morgana,FataMorgana,fatamorgana,"May 13, 2016",http://novect.net/top2.html,Novectacle,N,http://www.mangagamer.com/,,MangaGamer,,"Mystery, Suspense, Thriller","gb, jp, cn, ru",33,,,None,None,,https://vndb.org/v12402,0,N,"""Do not fear that this is just another “pretty face” which fails miserably at crafting an engaging tale. The House in Fata Morgana succeeds on almost every count and does so with such an exceptional flair that it’s surprising this was one of developer Novectale’s first releases. It may have taken its sweet time to finally arrive in English, but now that it’s here, you absolutely owe it to yourself to play The House of Fata Morgana.""",https://www.hardcoregamer.com/2016/06/11/review-the-house-in-fata-morgana/211053/,HardcoreGamer,"""As The House of Fata Morgana progresses, more questions pop up - 'Who exactly is The Maid?' 'Who am I?' 'What are the unusual visions I’m having?' - but even as the game provides answers, the player still has to unravel the actual truth behind it all. Little of it is what you’d expect.""",https://www.rockpapershotgun.com/2018/09/14/the-joy-of-unravelling-the-deception-in-the-house-in-fata-morgana/,RockPaperShotgun,"""The House in Fata Morgana eschews genre tropes in favor of a style of experimentation that is deeply literary, and the result is incredibly refreshing.""",http://www.rpgfan.com/reviews/The_House_in_Fata_Morgana/index.html,RPGFan,"You awaken in a decrepit old mansion.`A woman with eyes of jade stands before You, informing You that You are the Master of the house, and she Your Maid. However, You have no memories, no concept of self—or, indeed, any certainty that You are even alive.`The Maid invites You to join her on a journey through the mansion's lifeless halls, to behold the numerous tragedies that have befallen its residents. She suggests that among them, perhaps You will find some trace of Yourself.`Beyond the first door lies the year 1603.
It is an era of unparalleled beauty, where art and theatre flourish. Roses bloom abundantly in the garden where the inseparable Rhodes siblings play, and though they appear to be free of worry and strife... not everyone is content to see them happy.`Beyond the second door lies the year 1707.
In this era, the mansion lies in ruins, and a beast dwells within. He claims to yearn for a life of serenity, but it is not long before he yields to his innate savagery and a massacre ensues.`Beyond the third door lies the year 1869.
In this technologically advanced era, people are always on the move. The mansion's master is an ambitious businessman who has invested in the rail industry. However, his obsession with wealth and power leads him to neglect and mistreat his wife.`Beyond the fourth door lies the year 1099.
The Maid tells You that this is the final tale. In this era, You see a young man who claims to be cursed and a girl with white hair, called Giselle, who has been branded a witch and marked for death.`Having borne witness to these four tragedies, each set in a different time and place, You are now free to choose whether You wish to end Your story here... or press on.`But there are those who would say, ""You were able to bear them because they weren't your tragedies.""","Windows, Android",4:3,,None,Not voiced,chaoschild,ChaosChild.html,higurashi,Higurashi.html,tdogs,DevilOnGString.html,"https://www.gog.com/game/the_house_in_fata_morgana, gog, https://www.mangagamer.com/detail.php?goods_type=1&product_code=171, mangagamer, https://store.steampowered.com/app/303310/The_House_in_Fata_Morgana/, steam"
